{
    "name":"ConeGeometry",
    "metadata":{
        "generator":"io_three",
        "materials":1,
        "version":3,
        "type":"Geometry",
        "vertices":13,
        "faces":10,
        "uvs":0,
        "normals":10
    },
    "materials":[{
        "DbgColor":15658734,
        "shading":"lambert",
        "wireframe":false,
        "colorEmissive":[0,0,0],
        "DbgName":"bird",
        "blending":"NormalBlending",
        "colorDiffuse":[0.173347,0.120337,0.081073],
        "depthWrite":true,
        "depthTest":true,
        "transparent":false,
        "DbgIndex":0,
        "opacity":1,
        "visible":true
    }],
    "vertices":[0.045541,-0.037129,0.20583,-0.038508,-0.037764,0.204438,-0.039221,0.037129,0.204426,-0.00854,-0,-0.501047,0.044828,0.037764,0.205818,-0.038864,-0.000318,0.204432,0.045185,0.000318,0.205824,0.246985,0.000316,-0.10434,-0.247956,-0.000316,-0.112536,0.032081,0.000474,0.048854,0.005219,0.000158,-0.304581,-0.030956,-0.000474,0.04781,-0.015794,-0.000158,-0.304929],
    "faces":[34,0,3,1,0,0,0,0,35,1,3,2,5,0,1,1,1,1,34,2,3,4,0,2,2,2,35,0,6,4,3,0,3,3,3,3,34,7,9,10,0,4,4,4,34,8,12,11,0,5,5,5,34,6,0,1,0,6,6,6,34,1,5,2,0,7,7,7,34,2,4,6,0,8,8,8,34,1,2,6,0,9,9,9],
    "uvs":[],
    "normals":[-0.008427,0.053094,-0.998554,0.999032,0.042947,-0.009519,0.006674,0.052846,0.99858,-0.997079,0.075785,0.009482,-9.3e-05,0.000902,1,-6.4e-05,-0.000899,0.999999,0.016556,-0.999863,0,-0.000206,-1,0.000159,0.016556,-0.999863,0,0.016556,-0.999863,0]
}